col0,col1,col2
"2007 Giro d'Italia, Stage 13",road bicycle racing,2007 Giro d'Italia
"2009 Giro d'Italia, Stage 12",road bicycle racing,2009 Giro d'Italia
"Ceratizit Challenge by La Vuelta 2020, stage 2",road bicycle racing,Ceratizit Challenge by La Vuelta 2020
"1970 Tour de Suisse, Prologue",,1970 Tour de Suisse
"2023 Giro Ciclistico d'Italia, stage 1",road bicycle racing,2023 Giro Ciclistico d'Italia
"1962 Tour de France, stage 13",road bicycle racing,1962 Tour de France
"2024 Vuelta a El Salvador, prologue",,2024 Vuelta a El Salvador
"2012 Giro d'Italia, Stage 1",road bicycle racing,2012 Giro d'Italia
"1949 Tour de France, stage 7",road bicycle racing,1949 Tour de France
