col0,col1
CEMAC Cup,Template:CEMAC Cup
AFC U-16 Women's Championship,Template:AFC U-16 Women's Championship
1991 Rugby World Cup qualifying,Template:1991 Rugby World Cup qualifying
European Individual Chess Championship,Template:European Individual Chess Championship
Gosei,Template:Gosei
Coupe internationale européenne,Template:Central European International Cup
European Women's Curling Championships,Template:European Women's Curling Championships
PDC World Cup of Darts,Template:PDC World Cup of Darts
IIHF World U18 Championship,Template:IIHF World U18 Championships
